{"a": 0.08593762960217123, "b": 0.009350988726945807, "c": 0.03134643520407609, "d": 0.0385814214023213, "e": 0.173105595925627, "f": 0.010151322227084904, "g": 0.008875514723880765, "h": 0.008551251956228226, "i": 0.07418504364538663, "j": 0.006258856210527095, "k": 0.0001297289762378764, "l": 0.05555085465377938, "m": 0.032074564444211584, "n": 0.06949475039226008, "o": 0.05404459024798523, "p": 0.02741446569981383, "q": 0.012197388067583664, "r": 0.06707381912916412, "s": 0.07645929881667363, "t": 0.06981555212926782, "u": 0.06269621209291268, "v": 0.017973728867871814, "w": 0.0003222338876193802, "x": 0.0038416246698445293, "y": 0.0026598617234715283, "z": 0.0019072665770538204}